Molecule,is_valid,is_active,lipinski
C=CCCN1C[C@@H](C)[C@H](CCNC(=O)COc2ccco2)C1,1,1,True
CC1(C(=O)NC[C@@H](CO)NC(=O)C(C)(C)c2cnc[nH]2)C[C@@H]2C[C@H]2C1,1,1,True
CC(=O)NCC(=O)NCc1cn(C2CN([C@@H](C)C(=O)N(C)C)C2)nn1,1,1,True
C=CCCCC(=O)N1CCn2c(nnc2C(=O)N2CC=CC2)C[C@@H]1C,1,1,True
CCn1ncc(CNC[C@@H]2CN(C(=O)Cn3ncnn3)CCO2)n1,1,1,True
Cc1ccoc1C(=O)N1C[C@H]2CC[C@H]1[C@H]1CN(CCF)C[C@H]12,1,1,True
CCCCNC(=O)[C@@H]1[C@H]2CC[C@H](C[C@@H]2O1)N1CCSCC1,1,1,True
C[C@@H]1CN(C(=O)c2cc(-c3ccc(F)cc3)no2)C[C@@H](C)N1,1,1,True
Cc1cnn(C)c1C(=O)NC[C@H]1CCN1C(=O)[C@@H]1C[C@@]12CCOC2,1,1,True
C[C@@H](CCCCNC[C@H]1CCc2ncnn21)NC(=O)/C=C/C1CC1,1,1,True
CN(C)CCn1cc(C(=O)N2C[C@H]3C[C@H](C)C[C@H]3C2)nn1,1,1,True
COc1cc(C(=O)N[C@@H]2CC23CCN(CCF)CC3)ncn1,1,1,True
CC[C@@H]1CN(C(=O)COCc2ncc(C)o2)CC[C@H](CC)O1,1,1,True
Cc1ccc(CN2[C@H]3C[C@@H]4[C@H]3[C@H]3C[C@H]4[C@@H](CO)C[C@H]23)cn1,1,1,True
CCO[C@@H](C)C(=O)N1C[C@H]2CC[C@@H](C1)N2C(=O)c1cncnc1,1,1,True
C[C@H]1C[C@@H]1C(=O)N[C@H]1C[C@H](NCCOc2ccccc2Cl)C1,1,1,True
COc1ccccc1-c1nncn1CN1C[C@H]2[C@H](CO)[C@H]2C1,1,1,True
CN1C[C@H]2C[C@@H](C1)[C@H]2N[C@@H]1C[C@@H](C)O[C@@]2(C)C[C@H]1C2(Cl)Cl,1,1,True
Cn1cnc(C(=O)N[C@H]2C[C@@H](CNC(=O)[C@]34C[C@H]3CCCC4)C2)n1,1,1,True
C[C@H]1C[C@@H](Nc2nc3ccc(F)cc3o2)CO1,1,1,True
C[C@@H]1CN(C(=O)c2nc[nH]n2)C[C@H]1NCCCS(C)(=O)=O,1,1,True
CN(C[C@H]1CCN1CCn1cccn1)C(=O)CS(C)(=O)=O,1,1,True
Cc1nc2n(n1)C[C@H](NC(=O)[C@@H]1C[C@H]1c1ccc(F)c(F)c1)CC2,1,1,True
CC(=O)NCC(=O)N1CC[C@H]2CN(CCCO)C[C@H]21,1,1,True
CO[C@H]1CC[C@H](C(=O)N[C@H]2C[C@@H](NCc3nnc4n3CCCC4)C2)C1,1,1,True
C=CCN1C[C@H](O)[C@@H](CNC(=O)c2ccc(=O)n(CCOC)n2)C1,1,1,True
Cc1cnc(CN2C[C@@H](CNC(=O)CCNS(C)(=O)=O)[C@H](C)C2)o1,1,1,True
CN(C[C@@H]1CCN1Cc1nnn(C)n1)C(=O)COCCN(C)C,1,1,True
Cc1ncoc1C(=O)N1C[C@@H]2CCC[C@@H](NCC(N)=O)[C@@H]2C1,1,1,True
CC(=O)NCC(=O)N1C[C@H]2C[C@]2(C(=O)N(C)CCF)C1,1,1,True
CC(C)(C)[C@@H](O)c1nnc([C@H](Cc2ccccc2)NC2CC2)o1,1,1,True
Cc1conc1CN1CC[C@@H]2CN(C(=O)[C@@H]3CC=CCC3)CC[C@@H]21,1,1,True
CC(=O)N1[C@H]2CC[C@H]1CN(CC(=O)Nc1cc([C@H](C)CCC)[nH]n1)C2,1,1,True
Cn1nc(C(=O)N2CCN3C[C@H](O)C[C@H]3C2)ccc1=O,1,1,True
C[C@@H](NCc1nc(=O)n(C)[nH]1)c1ccc(C(F)(F)F)cc1,1,1,True
CN(CCNC(=O)[C@@H]1C[C@H]1c1cccnc1)Cc1nccn1C,1,1,True
CC(C)(C)C(=O)N1CC[C@H](CNC(=O)CCCn2cncn2)C1,1,1,True
CN(C)CCCS(=O)(=O)NCc1nc(C2CC2)no1,1,1,True
COc1ncc(F)cc1CN1CC[C@H](OC(=O)N(C)C)C1,1,1,True
CN1[C@H]2COC[C@@H]1CC(Oc1ccc(OC(F)(F)F)cc1)C2,1,1,True
C[C@H]1CC[C@H](CC(=O)NC2[C@H]3CN(C(=O)c4nnn(C)n4)C[C@H]23)C1,1,1,True
CCS(=O)(=O)CC(=O)N[C@@H]1CCN(CCO)C[C@H]1O,1,1,True
C[C@@H]1CN(C(=O)Cn2cnnn2)CC[C@@H]1NCc1cnnn1C,1,1,True
Cc1cnn(CC(=O)N[C@H]2C[C@H](NCc3cnnn3C)C2)c1,1,1,True
CC[C@H](C)C(=O)N1C[C@H]2[C@@H](C1)[C@@H]2NC(=O)[C@@H](C)c1ccnn1C,1,1,True
CO[C@@H]1CN(C(=O)c2cnc(N(C)C)cn2)C[C@@H]1N1CCCC1,1,1,True
CN(C)C(=O)CN1C[C@H](NC(=O)c2ccc3nncn3c2)C(C)(C)C1,1,1,True
Cn1ncnc1CN[C@@H]1CCN(C(=O)c2ccc(C(C)(F)F)[nH]2)[C@@H](O)C1,1,1,True
C=CCn1cc(C(=O)NC[C@H]2C[C@H](NCc3csc(C)c3)C2)nn1,1,1,True
Cc1cnc(CN[C@H]2CN(C(=O)c3ccc(F)c(F)c3)C[C@@H]2C)o1,1,1,True
CC(C)(C)n1nnc(CNCCNC(=O)[C@@H]2CCC(=O)N2C)n1,1,1,True
CN(C(=O)[C@]1(C)CCNC1=O)[C@H]1CN(Cc2ccn(C)n2)C[C@@H]1O,1,1,True
C=CCOC[C@H](O)CN1CCC[C@H](n2cccn2)C1,1,1,True
C=CCn1c(CO)nnc1N1CCC[C@H](n2ccnn2)C1,1,1,True
Cc1noc(CCCC(=O)N2CC[C@H]2CNC(=O)[C@@H]2CCOC2)n1,1,1,True
Cn1ncc(CNC[C@@H]2CCCCN2C(=O)C2[C@H]3CCC[C@H]23)n1,1,1,True
CC[C@]1(C)C[C@H]1C(=O)NC[C@H]1C[C@@H](NCc2csnn2)C1,1,1,True
C[C@](O)(Cn1cc3c(n1)C[C@@H](O)CC3)C(F)(F)F,1,1,True
COc1cc(NC(=O)N[C@H]2C[C@H]2[C@@H]2CCCO2)ccc1F,1,1,True
C=CCN1CC[C@@H](n2cc(CNC(=O)[C@H](CC)OC)nn2)C1,1,1,True
CCC(=O)NC[C@]1(O)CCN(Cc2nc(=O)n(C)[nH]2)C1,1,1,True
Cn1nncc1C(=O)N1CC(NC(=O)Cn2cc(C3CC3)nn2)C1,1,1,True
CN1CCO[C@]2(CCCN(Cc3cccc4ccsc43)C2)C1,1,1,True
C=CCN1CC[C@](C)(NC(=O)[C@@H](C)c2cc3ccccc3o2)C1,1,1,True
CC(C)C[C@H](C(N)=O)C(=O)N1CC[C@@H](NCc2nnc3n2CCOC3)C1,1,1,True
CCn1ncnc1CN1CC[C@@H](N(C)C(=O)C2[C@@H]3CCC[C@@H]23)C1,1,1,True
CCO[C@@H]1C[C@@H]1C(=O)N(C)C1CN(Cc2ncc(C)cn2)C1,1,1,True
Cc1ccc(CN2[C@@H]3CC[C@H]2[C@@H](NC(=O)Cc2nc[nH]n2)C3)cc1,1,1,True
COc1cncc(C(=O)N2CC[C@H]3OCCN(CC(N)=O)[C@@H]3C2)n1,1,1,True
C[C@H](CNc1cncc(C(=O)N(C)C)n1)N(C)C(=O)[C@@H]1C[C@@H]1C1CC1,1,1,True
C[C@@H](CCSc1ccccc1)OC(=O)C[C@@H]1CC[C@@H]2C[C@H]2C1,1,1,True
CCc1ncncc1C(=O)N[C@@H]1C[C@H]2C[C@@H](C1)N(c1nc(C)ns1)C2,1,1,True
C[C@H](C(=O)N1CC[C@@H]2CCN(C(=O)C3CCCC3)C[C@@H]21)n1cncn1,1,1,True
C/C(=C/C(=O)N[C@@H]1CN(Cc2nncn2C)C[C@H]1C)C1CC1,1,1,True
C[C@@H]1CN(C(=O)Cn2ncnn2)CC[C@@H]1NCc1cnn(C)n1,1,1,True
C[C@H]1CN(C(=O)c2cocn2)C[C@H]1CNCc1nnnn1C,1,1,True
CC(C)n1ccc(CN2CCC[C@@H](NC(=O)[C@@H]3CC[C@@H]4C[C@@H]4C3)C2)n1,1,1,True
Cn1ncnc1CN1C[C@@H]2C(NC(=O)CO[C@@H]3CCOC3)[C@H]2C1,1,1,True
Cc1nnc([C@@H](C)NC[C@@H](NC(=O)[C@H]2CCCO[C@H]2C)C2CC2)o1,1,1,True
CC(=O)N1CC(C(=O)NCC2[C@@H]3CN([C@@H](C)C(N)=O)C[C@@H]23)C1,1,1,True
CCc1noc(CC)c1CC(=O)N[C@]12CCC[C@H]1CN(CC#N)C2,1,1,True
CN1CC[C@H](C(=O)NC[C@@H]2C[C@H](NC(=O)c3cc(=O)n(C)o3)C2)C1,1,1,True
C[C@@]1(NC(=O)Cn2cnnn2)CCN(Cc2ncnn2CC(F)F)C1,1,1,True
C[C@H]1C[C@H](Nc2cc(N)n(-c3cccc(F)c3)n2)CCN1C,1,1,True
CN1CCOC[C@H]1[C@@H]1CCCN(C(=O)Cn2cnc(-c3nn[nH]n3)n2)C1,1,1,True
CN(CCN1CCn2nncc2C1)C(=O)CCCC(=O)N(C)C,1,1,True
CCO[C@@H]1COC[C@H]1NC(=O)N[C@H]1CCN(c2ccccn2)C1,1,1,True
CN(C)CCC(=O)N1CCO[C@@H]2CN(CCON)C[C@@H]21,1,1,True
CC(C)(C(=O)NC[C@H]1COCCN1CCO)S(C)(=O)=O,1,1,True
C=C/C(C)=C/CC(=O)N1CCCC[C@@H]1CN(C)C[C@H](O)COC,1,1,True
CN1CCC[C@H]1[C@H]1CCCN1C(=O)[C@@H]1C[C@H]1c1ccco1,1,1,True
C#CCCN1CC[C@@H]2OCCN(C(=O)c3ccn(C)n3)[C@@H]2C1,1,1,True
C/C=C(\C)C(=O)N1C[C@H]2CC[C@@H](C1)N2Cc1cncc(OC)c1,1,1,True
C[C@H](c1cccc(-c2nn[nH]n2)c1)N1C[C@@H](C)N2C[C@H](C)C[C@H]2C1,1,1,True
COc1ccccc1OCCN1CCOc2c(F)c(F)ccc2C1,1,1,True
C[C@@H]1CCO[C@@H]1C(=O)N1CCC[C@@H](CN(C)C(=O)c2cocn2)C1,1,1,True
CC[C@H](CC(=O)N[C@@H]1[C@H]2CN(CCO)C[C@H]21)c1ccccc1,1,1,True
CCn1nncc1CN1CC[C@@H]1CNC(=O)[C@@H]1C[C@H]2CCCCN2C1,1,1,True
Cn1cc(CNCCCNC(=O)[C@H]2C[C@H]2C(N)=O)nn1,1,1,True
C[C@H](N[C@@H]1CCN(C(=O)CN(C)S(C)(=O)=O)C1)c1nnnn1C,1,1,True
C[C@H](c1nnnn1C)N1CCN([C@@H]2CCS(=O)(=O)C2)CC1,1,1,True
CC#CCN[C@@H]1C[C@@H](NC(=O)Cc2nc[nH]n2)C12CCC2,1,1,True
CC(C)COCCN1C[C@@H]2C(NC(=O)c3cnco3)[C@H]2C1,1,1,True
CCc1cnc(CNCCCOCCNC(=O)c2ccccn2)o1,1,1,True
CN(C[C@@H](O)CNC(=O)Cn1ncn(C)c1=O)C(=O)C[C@H]1CCOC1,1,1,True
C[C@@H](c1nnnn1C1CC1)N1CC[C@H](Sc2ncc(C#N)cn2)C1,1,1,True
CN(Cc1ccsc1)[C@H]1CN(C(=O)OC(C)(C)C)C[C@@H]1n1ccnn1,1,1,True
Cc1cnc(C(=O)NC[C@H]2CN([C@@H]3CCN(C)C3=O)CCO2)cn1,1,1,True
CCc1n[nH]cc1C(=O)NCC1[C@@H]2CN(Cc3nnnn3C)C[C@@H]12,1,1,True
CO[C@@H](C)CNC(=O)C(=O)N1CCO[C@@H](c2nc(C3CC3)no2)C1,1,1,True
CN(CCNC(=O)C1C=CC=CC=C1)c1ccc(C(F)(F)F)nn1,1,1,True
CCCc1nc(CN2C[C@H]3[C@@H](C2)[C@@H]3NC(=O)[C@H]2CCNC(=O)C2)no1,1,1,True
Cc1nn[nH]c1C(=O)NC[C@]1(O)CCN(C(=O)CC(C)(C)C)C1,1,1,True
C=CCNC(=O)CN1C[C@H](C(=O)OCC)[C@@H](c2ccccc2)C1,1,1,True
CCCOCC(=O)N1[C@@H]2CC[C@H]1C[C@@H](CNC(=O)CN(C)C)C2,1,1,True
CC(C)(CNC(=O)N[C@@H]1C[C@@H]2CC[C@H]1O2)N1CCOCC1,1,1,True
C[C@@H]1C[C@H](CO)CN(C(=O)[C@]23CNC[C@H]2CCC3)C1,1,1,True
CCC[C@@H]1C[C@H]1C(=O)N1CC[C@H]2CCN(Cc3nc(C)no3)[C@H]2C1,1,1,True
C[C@@H](CNC(=O)c1cn(C)c(=O)n1C)N(C)Cc1nnc(C2CC2)o1,1,1,True
Cn1nccc1CNC[C@H]1C[C@H]2CC[C@@H](C1)N2C(=O)c1ccnnc1,1,1,True
C[C@@H](C(=O)N1CC(N(C)C(=O)Cn2nccn2)C1)S(C)(=O)=O,1,1,True
Cc1ncc(CN2CC[C@@]3(NC(=O)Cn4ncnn4)CCC[C@H]23)o1,1,1,True
C[C@H]1CN2CCN1C[C@H]2C(=O)N1C[C@@H](C)[C@H](C(=O)OC(C)(C)C)C1,1,1,True
C=CCn1cc(C(=O)NC[C@@H]2CN(C(=O)[C@@H](C)CC)CCCO2)nn1,1,1,True
C[C@@H]1C[C@H](CF)N(C(=O)[C@H]2CN(C)C[C@H]2c2ccc(F)c(F)c2)C1,1,1,True
C#CCNC(=O)CN1CC[C@H]1CN(C)C(=O)Cc1nc[nH]n1,1,1,True
CCO[C@@H](CN[C@H]1C[C@H](NC(=O)c2cccn3nnnc23)C1)C1CC1,1,1,True
C[C@@H](Cc1c(F)cccc1F)N[C@@H]1CNCCC1(F)F,1,1,True
Cn1nnc(CN[C@H]2CCN(C(=O)[C@H]3CCCN3C)[C@H](C(N)=O)C2)n1,1,1,True
CCNC(=O)CN1C[C@H]2C(NC(=O)CC[C@@H](C)c3ccccc3)[C@@H]2C1,1,1,True
C[C@H]1C[C@@H]1c1nnc(NCCc2nc(C(C)(C)C)no2)n1C,1,1,True
C=C(C)CCN1CC[C@H]([C@@H]2CCCO2)C1,1,1,True
Cc1cc(=O)n(CC(=O)NC[C@H](C)N[C@@H](C)c2cnnn2C)cn1,1,1,True
CN(C[C@H]1CCN1Cc1ncnn1C)C(=O)c1c[nH]c(=O)cn1,1,1,True
CC(C)OC(=O)c1cn([C@@H]2CC[C@@H](C)[C@H](C)C2)nn1,1,1,True
CNC(=O)CC(=O)N[C@H]1C[C@H](CNc2ccc3nnnn3n2)C1,1,1,True
Cn1ncnc1CNCCNC(=O)[C@@H]1C[C@H]1C1CCC1,1,1,True
CCCc1cc(N2C[C@H]3C[C@H]2CN3C(=O)c2cnc(C)[nH]2)nc(C)n1,1,1,True
CC(C)CN(C)C(=O)C(=O)N[C@@H]1C[C@@H](C)n2ncnc21,1,1,True
COc1ccccc1OCCN(C)c1cnc2cc(F)c(F)cc2n1,1,1,True
CNC(=O)[C@H](C)N1CC[C@H]1CNC(=O)c1ccnc(-c2ncccn2)c1,1,1,True
CCOc1ccnc(N2CCO[C@]3(CCO[C@H]3C3CC3)C2)n1,1,1,True
CC(C)c1coc(CNC(=O)N2CCC[C@@H]3C[C@H]32)n1,1,1,True
CO[C@@](C)(CN[C@H](C)CC(F)F)c1ccccc1F,1,1,True
C[C@@H]1C[C@H](C(C)(C)C)CCN1Cc1cc(=O)n2ccsc2n1,1,1,True
Cn1cc([C@H]2C[C@H](NC(=O)N[C@@H](C3CC3)[C@@H]3CCCO3)CC2)cn1,1,1,True
CNC(=O)CC(=O)N[C@H]1C[C@H](CNc2nccn3nnnc23)C1,1,1,True
CN1C(=O)N[C@@]2(CCC[C@H]2OCCn2cc3ccccc3n2)C1=O,1,1,True
C=C(C)CCN1CC([C@@H](C)NC(=O)c2cnnn2C)C1,1,1,True
CC(C)CN1CC[C@H](CNC(=O)c2cnc(N(C)C)cn2)C1,1,1,True
CN(C)CCC(=O)N1C[C@@H](NCc2nncn2C)[C@@H](n2ccnn2)C1,1,1,True
Cn1nncc1C(=O)N1CC[C@H]2[C@H](CCN2C(=O)C(N)=O)C1,1,1,True
CCc1ncncc1C(=O)NCC1[C@H]2CN(C(=O)CC(C)C)C[C@H]12,1,1,True
C=C/C(C)=C/CC(=O)N[C@H]1CC[C@H](CNC(=O)c2ccnn2C)CC1,1,1,True
C[C@@H]1[C@@H](NCc2ncccn2)CCN1C(=O)[C@@H]1C[C@H]1C1CC1,1,1,True
CCc1cnc(CNC/C=C/CNC(=O)[C@@H]2C[C@@H]3O[C@H]2[C@H]2C[C@H]23)o1,1,1,True
Cn1cc(CCN2CC[C@H]2CNC(=O)c2cnon2)cn1,1,1,True
CN(C)C(=O)[C@H]1CC[C@H](NC(=O)NCCn2nnnc2-c2ccccc2)C1,1,1,True
C[C@H]1C[C@H](C)[C@H](C(=O)NC[C@H]2CC[C@@H](c3nc[nH]n3)O2)O1,1,1,True
CCO[C@H]1CCC[C@@H]1NCc1cn2c(cccc2C)n1,1,1,True
C/C=C(/C)C(=O)N1CC[C@@H]2OCCN(CCCF)[C@H]2C1,1,1,True
Cn1cnc(C(=O)N[C@@H]2CCC[C@H]2CNc2ncc(F)cn2)c1,1,1,True
Cn1nnnc1CNC[C@@H]1CCN(C(=O)C[C@@H]2CC(=O)NC2=O)C1,1,1,True
CC(=O)N[C@](C)(C(=O)N1CCC[C@H](n2cncn2)C1)C(F)C,1,1,True
CC(C)=CCN[C@@H]1C[C@]2(CN(C(=O)[C@H]3C[C@@H](C)COC3)[C@H]2C(C)C)C[C@H]1O,1,1,True
CC[C@@H](C)C(=O)N[C@@H]1CN(Cc2nnc(C)o2)C[C@H]1C,1,1,True
C#CCC[C@H](C)C(=O)N[C@@H]1C[C@H]2CC[C@@H]1N2CCOC,1,1,True
C[C@@H]1CN(C(=O)C2(C(N)=O)CC2)C[C@H]1NC[C@@H]1CCc2ncnn21,1,1,True
CC[C@H](C)C(=O)N1CCC[C@H]2CN(Cc3cnnn3C)C[C@H]21,1,1,True
CNC(=O)c1ccnc(NC[C@H]2CN3CCC[C@@H]3CO2)n1,1,1,True
Cn1cc(CN2CCN([C@@H]3C[C@H]4CC[C@H]3O4)CC2)nn1,1,1,True
CN1CC[C@H](C(=O)N[C@H]2COC3(CN(C(=O)c4cnon4)C3)C2)C1,1,1,True
C[C@H](CNC(=O)[C@@H]1Cc2cccc(F)c2O1)C(C)(C)C,1,1,True
Cn1cnc(C(=O)NC[C@@H]2CCN2Cc2nnn(C)n2)n1,1,1,True
Cn1nnnc1CN1[C@H]2CC[C@H]1CN(C(=O)[C@H]1[C@@H]3COC[C@@H]31)C2,1,1,True
COc1ccc(C(=O)N2CC[C@H]3CCN(C(=O)c4ccco4)[C@@H]3C2)o1,1,1,True
Cn1cc(C(=O)N[C@@H]2CC[C@H]3CN(Cc4nccn4C)C[C@H]3C2)nc1O,1,1,True
Cc1ncc(CC(=O)N2[C@H]3CC[C@H]([C@H](O)CCC(C)C)C[C@H]23)o1,1,1,True
CCSCC[C@H](C)NC(=O)C[C@@H]1CC[C@H]2C[C@@H]21,1,1,True
CCCCN[C@@H]1C[C@H]2C[C@@H](C1)N(C(=O)c1ncoc1C(C)C)C2,1,1,True
CC(=O)N[C@@H]1C[C@H]2CC[C@@H]1N2CCOCC(C)C,1,1,True
C[C@@H]1C[C@@H]1C(=O)NCCNCc1nnc(C2CC2)n1C,1,1,True
Cc1cnc(C(=O)NCC2[C@H]3CN(C(=O)CC(=O)N(C)C)C[C@H]23)cn1,1,1,True
C[C@@H](CN[C@H]1CCN(C)C1=O)N(C)C(=O)Cn1cnnn1,1,1,True
Cn1cnc(C(=O)NC[C@@H]2CCN2C(=O)[C@@H]2C[C@H]3CC[C@@H]2O3)c1,1,1,True
CCc1nocc1CN1CC[C@H](NC(=O)C(C)C)[C@@H](O)C1,1,1,True
CC(C)c1nnc(CN2CC[C@@H](NC(=O)C[C@@H]3CCN(C)C3)C2)o1,1,1,True
CC[C@@H]1C[C@@H](NCc2cnc3ccccc3n2)CCO1,1,1,True
Cn1ncc(CN2CC(CNC(=O)c3cnn[nH]3)C2)nc1=O,1,1,True
C[C@]1(CN[C@@H]2C[C@@H](OCc3ccccc3)C23CCC3)CCOC1,1,1,True
Cc1noc(C[C@@H]2C[C@H]2C(=O)OC[C@@H]2CCCN2C(C)C)n1,1,1,True
CC(C)OCn1cccc(C(=O)NC[C@H]2CCO[C@H](C(C)(C)C)C2)c1=O,1,1,True
CC[C@@H]1CN(CCc2cc(F)cc(F)c2)C[C@H](C)O1,1,1,True
CN1C[C@@]2(F)CN(C(=O)[C@@H]3NC[C@@H]4CC[C@H]3C4)C[C@@]2(F)C1=O,1,1,True
C=CCn1c([C@@H]2C[C@H]2C)nnc1N1CC[C@H](C2CC2)C1,1,1,True
Cc1nnsc1CN1C[C@H]2CN(C(=O)c3cnn[nH]3)C[C@H]2C1,1,1,True
C[C@H]1C[C@H](NC(=O)CCn2cnnn2)CCN1c1cncc(C#N)n1,1,1,True
CC[C@@H]1OCC[C@H]1C(=O)N[C@H]1[C@H]2CN(C(=O)Cn3cncn3)C[C@H]21,1,1,True
CCC[C@@H](OC)C(=O)N1[C@H]2CC[C@H]1CN(Cc1ncccn1)C2,1,1,True
C[C@@H](CNC(=O)c1cnc(C2OCCO2)s1)N1CCN(C)CC1,1,1,True
C=CCCN1C[C@@H](O)[C@@H](CNC(=O)Cc2cc(F)ccc2OC)C1,1,1,True
Cn1cnc(C(=O)N2CC(NC(=O)[C@]34C[C@H]3CCN4Cc3cn[nH]c3)C2)n1,1,1,True
CC(=O)N1[C@H]2CC[C@H]1[C@@H](CNC(=O)[C@@H]1CC[C@H](C)C1)C2,1,1,True
Cn1nnnc1CN1CC[C@@](O)(CNC(=O)CCCC(N)=O)C1,1,1,True
CCCC[C@@H](C)C(=O)NC[C@H]1CN(c2ncnc3ccccc32)CCO1,1,1,True
CCS(=O)(=O)NCCN1CC[C@@H](NC(=O)c2cnn[nH]2)C1,1,1,True
C[C@H](C(=O)N1CC[C@@H]2CN(C(=O)Cn3cnnn3)[C@@H]2C1)n1cncn1,1,1,True
CCc1ocnc1C(=O)NC1[C@@H]2CN(C[C@H](C)CC)C[C@@H]12,1,1,True
CCS(=O)(=O)CCCN1CCC[C@@H]1CNC(=O)c1ocnc1C,1,1,True
C[C@H]1CC[C@H](C(=O)N2CC[C@H](N(C)C(=O)c3ccon3)C2)C1,1,1,True
C[C@@H](CCCC(F)(F)F)NC[C@@H]1CN(C)CCO1,1,1,True
CN(CCNS(C)(=O)=O)C[C@H]1CCN(C(=O)c2cncn2C)C1,1,1,True
C#CCCN1C[C@H]2C[C@H]3[C@@H](C1)[C@@H]3N(C(=O)c1c(C)cnn1CC)C2,1,1,True
Cc1ncoc1C(=O)N[C@@H](C)C1CN(C(=O)[C@]23C[C@H]2COC3)C1,1,1,True
C[C@H](O)CN1CCO[C@@H](CNC(=O)c2ccc3nnn(C)c3c2)C1,1,1,True
CC(C)CN1CC[C@@](O)(CNC(=O)c2occ3c2CCOC3)C1,1,1,True
Cn1ccc(C(=O)NC2[C@@H]3CN([C@@H]4CCCN(C)C4=O)C[C@@H]23)n1,1,1,True
CN(C)[C@H]1CN(C(=O)C(=O)NCCCCn2ccnc2)C[C@H]1n1ccnn1,1,1,True
Cc1nc(O)[nH]c1C(=O)N1C[C@H]2C[C@@H]3CN(C)C[C@]3(C1)O2,1,1,True
COc1cc([C@H](C)NC(=O)N2C[C@@H]3C[C@@H]3C2)ccn1,1,1,True
C[C@@H]1C[C@]1(C)C(=O)N1C[C@@H](C)[C@H](c2ccccc2)C1,1,1,True
C#CCCN1CCO[C@](C)(CNC(=O)C[C@H]2COC(=O)C2)C1,1,1,True
C[C@@H]1C(=O)N(O)C[C@]12CN(c1ncnc3c1nnn3C)CCO2,1,1,True
C=C(C)CN1CC[C@]2(CCN(Cc3ccc(COC)o3)C2)C1=O,1,1,True
CCC[C@H](C)CC(=O)N[C@@H]1[C@H]2CN(CCCOCC)C[C@H]21,1,1,True
CC(C)c1ccc(CC(=O)NCCN(C)C[C@@H]2C[C@]23CCOC3)cc1,1,1,True
C[C@H]1CCN(Cc2cc(-c3ccn(C)n3)on2)C[C@H]1C(=O)O,1,1,True
CCn1cc(CN2CCOC[C@H]2CNC(=O)C2CS(=O)(=O)C2)nn1,1,1,True
C[C@@H](CCNC(=O)CS(C)(=O)=O)Nc1ncnc2ccccc21,1,1,True
Cc1ncc(CN2C[C@H]3C(CNC(=O)C[C@H]4CCC(=O)N4C)[C@@H]3C2)o1,1,1,True
CN(C)C(=O)Cn1cc(-c2ccc(C(F)(F)F)nc2)nn1,1,1,True
CC(C)N(C)C[C@@H](O)CN[C@H]1CCC[C@H](n2ncnn2)C1,1,1,True
C[C@H](CNC(=O)N1CC[C@@H]2COC[C@@H]2C1)N(C)C1CC1,1,1,True
C[C@@H]1CN(C(=O)c2nc3ncccn3n2)C[C@H]1NC(=O)[C@@H]1CCOC1,1,1,True
C=CCN[C@@H]1CC[C@H]2CN(C(=O)c3ccc(CN(C)C)cc3)C[C@H]2C1,1,1,True
CC1(C)C[C@@H]1Cn1nnnc1N1CCC[C@@H](C[C@H]2CCOC2)C1,1,1,True
CCOc1cc(CN2C[C@H]3CN(C)C[C@@H](C2)O3)ccc1OCC,1,1,True
Cn1nnc(CN2CC[C@@H]2CNC(=O)[C@H]2CCC(=O)N2C)n1,1,1,True
CN(CC[C@H]1C[C@H]2CC[C@H]1C2)c1nc(-c2ccccc2)ns1,1,1,True
CNC(=O)CN1C[C@@H]2C(NC(=O)CNC(=O)Cc3ccccc3)[C@H]2C1,1,1,True
CCc1oncc1C(=O)N1C[C@@H]2C[C@@H]1C[C@@H](CNC(=O)C(N)=O)C2,1,1,True
CN(Cc1ccc(F)c(F)c1)[C@H]1CCN(C(=O)CC(N)=O)C1,1,1,True
C[C@H](NC(=O)[C@@H]1CCCc2nc[nH]c21)c1cccc(F)c1F,1,1,True
C[C@H]1C[C@H](CO)CN(c2nnnn2CCOC[C@H]2CCCO2)C1,1,1,True
C[C@@H](CC(C)(C)O)N[C@@H]1C[C@H]1c1cccc(F)c1,1,1,True
C[C@H](CCCCN)NC(=O)C(=O)N1C[C@@H]2COC[C@]2(C)C1,1,1,True
CC(C)CN1CC[C@H](NC(=O)[C@@H]2C[C@H]2c2cccnc2)C1,1,1,True
C[C@@H]1C[C@@H](c2cc(F)ccc2F)N(C(=O)NC[C@@H]2CCC[C@H]2C)C1,1,1,True
CC[C@@H]1OCC[C@H]1C(=O)NC1[C@H]2CN(Cc3nc(C)c(C)o3)C[C@H]12,1,1,True
C=CCCCCCN[C@H]1CC(=O)N([C@@H]2C[C@H]2C)C1,1,1,True
CCOc1c(C=O)ccc(=O)n1C[C@@H]1C[C@@]12CCO2,1,1,True
C[C@@H]1C[C@@H](C(=O)N2CC(NC(=O)c3ncnn3C)C2)CO1,1,1,True
CCCCOCCNC(=O)N1CCn2ncnc2C1,1,1,True
C=CCn1cc(C(=O)NC[C@@H]2CCCN([C@@H](C)COC)C2)nn1,1,1,True
Cn1nc2n(c1=O)CCC[C@@H]2N[C@@H]1COC[C@H]1O,1,1,True
CN1C[C@H](C(=O)N2CCC[C@H](c3nncn3C)C2)CC1=O,1,1,True
Cc1nc(CN[C@H]2C[C@@H](NC(=O)c3cnoc3C3CC3)C2)ncc1C,1,1,True
CC[C@H](NC)C(=O)N1CC[C@@H]2OCCO[C@H]2C1,1,1,True
C[C@H](CNCCCS(C)(=O)=O)NC(=O)[C@@H]1[C@H]2Cc3ccccc3[C@H]12,1,1,True
Cn1nncc1CNC(=O)N1C[C@@H]2CCC[C@H](N)[C@H]2C1,1,1,True
CC(C)n1cc(C(=O)N[C@H]2C[C@H](NC[C@@H]3CC[C@H]4C[C@@H]4C3)C2)cn1,1,1,True
Cn1ncc(CN[C@@](C)(C2CC2)C(F)(F)F)n1,1,1,True
CO[C@H]1[C@H]2[C@H]3C[C@@H]1C[C@@H]3CN2CCC(C)(C)[N+](=O)[O-],1,1,True
CCc1occc1C(=O)NC[C@H]1CCN1Cc1nnc(C2CC2)o1,1,1,True
CCC(=O)N1CCO[C@@H]2CN(C(=O)c3cnnn3C)C[C@@H]2C1,1,1,True
CCC#C[C@H](C)N[C@@H](c1ncccn1)[C@@H]1CCCO1,1,1,True
CC(C)n1cnc(C(=O)N2C[C@H](NCc3cccnc3)C[C@@H]2C)c1,1,1,True
C[C@H]1[C@H](NC(=O)NCc2cc(-c3ccccc3)on2)CCN1C,1,1,True
C=CCC1(C(=O)N[C@H](C)C[C@H](C)NC(=O)Cc2ccccccn2)CCC1,1,1,True
Cc1cnc(CN2CCO[C@@H](CNC(=O)[C@@H]3CCC(=O)N3C)C2)o1,1,1,True
COc1cc(CN2C[C@@H](C)[C@H](NC(=O)c3cc(C4CC4)n(C)n3)C2)on1,1,1,True
C#CCNC(=O)CN1CC[C@@H](NC(=O)CC(C)C)[C@H](O)C1,1,1,True
C[C@H](N[C@H]1C[C@@H](c2ccc(Cl)cc2)C1)[C@@H]1C[C@@H]2CCC(=O)N[C@H]2C1,1,1,True
Cc1cnc(CN2C[C@@H]3CCC[C@]3(NC(=O)Cc3cnc[nH]3)C2)o1,1,1,True
CN(C)CCn1ccc(N[C@@H]2c3ccccc3C[C@H]2O)n1,1,1,True
C=C[C@H](CC)CC(=O)N1CC[C@H](CCNC(=O)CCc2cnn[nH]2)C1,1,1,True
C[C@H](NC(=O)[C@@H]1CCC[C@@]12CCNC2)C1CN(Cc2nc(O)n[nH]2)C1,1,1,True
CC(C)(C)Oc1cc(COC(=O)[C@H]2CCc3nncn3C2)ccc1F,1,1,True
C/C(=C/C(=O)NCC[C@H](C)Nc1ccc2ncnn2n1)C1CC1,1,1,True
CC(C)c1ncncc1C(=O)N[C@@H]1C[C@H]2CC[C@@H]1N2[C@@H]1CCNC1=O,1,1,True
C[C@H](F)CCN1C[C@@H]2CCC[C@]2(NC(=O)c2nccn2CC2CC2)C1,1,1,True
C[C@@H]1c2ccccc2O[C@H]1CNCc1nc(C2CC2)cs1,1,1,True
CN(CCN(C)C(=O)[C@@H]1C[C@@]12CCOC2)C(=O)c1ccncn1,1,1,True
Cc1cc(C(=O)NCC2[C@H]3CN(CCF)C[C@H]23)ccc1F,1,1,True
C[C@@H]1CN(C(=O)C(C)(C)C)C[C@H]1Nc1nc2ccccc2o1,1,1,True
COc1ncc(C(=O)NC[C@@]2(CO)C[C@H]3CC[C@H]2C3)cc1Cl,1,1,True
CC[C@@H]1CC[C@@H](C(=O)NCCNCCCCCn2ccnn2)O1,1,1,True
CC(C)C(=O)N1C[C@H]2[C@H](C1)[C@H](CNC(=O)CC(C)(C)C)C2,1,1,True
C[C@H](NC(=O)c1cnn(C)c1)C1CN([C@@H](C)c2cccc(F)c2)C1,1,1,True
C[C@]1(NC(=O)[C@H]2CCC(=O)N2)CCN(Cc2cnon2)C1,1,1,True
Cn1ncc2c1ncnc2NC[C@@H]1CCN(C(=O)[C@H]2CCOC2)C1,1,1,True
Cn1nccc1C(=O)NCC1(O)CN(C(=O)C[C@@H]2CC[C@H]3C[C@H]3C2)C1,1,1,True
C=CCNC(=O)[C@@H](C)N1C[C@@H]2C(NC(=O)CNC(C)=O)[C@H]2C1,1,1,True
C[C@@H]1CN(C(=O)Cc2cnn3ccccc23)C[C@H]1CNCC(N)=O,1,1,True
CC#CCNC[C@@H]1CN(C(=O)c2cnc(C(C)(C)C)nc2)CC[C@H]1C,1,1,True
Cn1ncc(CN[C@@H]2CCN(C(=O)CCS(C)(=O)=O)C2)n1,1,1,True
C=CCn1c(Cc2cnn[nH]2)nnc1N1C[C@H](C)CC[C@H]1C,1,1,True
CC[C@H](F)C(=O)NCCCNCc1nnnn1CC(F)(F)F,1,1,True
Cc1noc(C)c1CN(C)C(=O)N[C@@H]1C[C@H]2CC[C@H]1O2,1,1,True
CCS(=O)(=O)NCC(=O)N[C@@H]1CN(C(C)C)C[C@@H]1O,1,1,True
CN(C)c1cnc(C(=O)NC2CN(Cc3nc(=O)n(C)[nH]3)C2)cn1,1,1,True
Cc1cnn(CC(=O)N[C@H]2CCN(C[C@@H]3CCn4ccnc4C3)C2)c1,1,1,True
CC[C@@H]1OCC[C@H]1C(=O)N[C@@H]1CN(Cc2cnn(C)n2)C[C@H]1O,1,1,True
CN1CCOC[C@H]1C(=O)N[C@H]1C[C@@H](NC(=O)[C@@H]2C[C@]24CCOC4)C1,1,1,True
C[C@@H](C(=O)N1CC[C@H](NCc2nnc3n2CCOC3)C1)c1cncnc1,1,1,True
CN1[C@H]2CCC[C@@H](C1)[C@H]1CN(Cc3cnns3)C[C@H]12,1,1,True
CC(=O)NCC(=O)N[C@@H]1C[C@H]2CC[C@@H]1N2CCn1cncn1,1,1,True
C[C@H]1C[C@@H](NC(=O)C(=O)N(Cc2ccco2)C2CC2)c2nccn21,1,1,True
C=CCN1CCO[C@H]2CCN(C(=O)Cn3cncn3)C[C@H]21,1,1,True
CCc1ccoc1C(=O)NCCNC[C@@H]1C[C@@]12CCOC2,1,1,True
CN1[C@H](C(=O)NC2CN(C(=O)c3cnn[nH]3)C2)C[C@H]2CC[C@H]1C2,1,1,True
C[C@@H](NC(=O)N(C)Cc1nc(C2CC2)no1)c1nc2ccccc2[nH]1,1,1,True
CCn1ncnc1CN[C@@H](C)[C@H]1CCN(C(=O)Cc2nc[nH]n2)C1,1,1,True
C#CCOCCC(=O)NC[C@H]1CN(c2ncccn2)CCO1,1,1,True
CCn1cc(C(=O)N[C@@H]2[C@H]3C[C@H]2CN3C(=O)Cn2cncn2)ncc1=O,1,1,True
C=C(C)CCCNC(=O)N1C[C@@H](C)O[C@H](c2nc(C3CC3)no2)C1,1,1,True
C[C@@H](c1nnnn1C)N1CC(O)(CNC(=O)[C@@H]2CCCN2C)C1,1,1,True
Cn1oc(C(=O)NC2CN(CCCOCC(F)(F)F)C2)cc1=O,1,1,True
C[C@@H](NC1CCN(c2cnc(F)cn2)CC1)c1nc(Cl)ncc1F,1,1,True
CC[C@]1(C(=O)NCCNc2nc[nH]c3ncnc2-3)CCNC1,1,1,True
CCn1ccc(C(=O)N[C@H]2CCN([C@H](C)c3nnnn3C)C2)n1,1,1,True
C[C@H](O)CN1C[C@@H](O)[C@]2(CCN(C(=O)Cn3cnnn3)C2)C1,1,1,True
Cn1cc(C(=O)NCC2CN(C[C@@H]3CC[C@H]4C[C@@H]4C3)C2)ncc1=O,1,1,True
C=C(C)CN[C@H]1C[C@H](NC(=O)c2cnn3cccnc23)C12CCC2,1,1,True
Cc1nn(C)cc1C(=O)NC1CN(CCO[C@@H]2CC2(F)F)C1,1,1,True
CC(=O)NCC(=O)NCc1c[nH]nc1[C@H]1CCN(CCF)C1,1,1,True
Cc1nc(C(=O)N2CCC[C@]3(CCn4ncnc43)C2)no1,1,1,True
C=CCN1C[C@@H](NC(=O)c2cnnn2CC)CC[C@H]1C,1,1,True
C=CCN1CC[C@@H](C)[C@@H](NC(=O)c2cn3cccnc3n2)C1,1,1,True
C[C@@H]1CN(C2CC2)CCN1Cc1ccc(OCC(F)(F)F)cc1,1,1,True
CCn1ncnc1CN(C)[C@@H]1CCN(C(=O)[C@H](C)C(F)(F)F)C1,1,1,True
C=C(Cl)CNC[C@H]1C[C@H](NC(=O)c2cn(C)cn2)C12CCC2,1,1,True
C[C@H](NCCCNS(C)(=O)=O)[C@@H]1C[C@H]2CC[C@H]1C2,1,1,True
Cc1cncn1CC(=O)N[C@H]1C[C@H]2CC[C@@H]1N2C(=O)c1ncoc1C,1,1,True
CCO[C@@H]1COCC[C@@H]1NC(=O)/C=C/CN(C)C,1,1,True
C[C@H](C(=O)NCC1CN([C@@H](C)c2nc(C3CC3)no2)C1)c1cncnc1,1,1,True
C[C@@H]1C[C@@H](CN2C[C@@H](O)[C@H](NC(=O)CNC(N)=O)C2)CCO1,1,1,True
CN(C)CCCC(=O)N(C)[C@H]1CN(C(=O)Cc2ccon2)C[C@@H]1O,1,1,True
CCCC(=O)N1CC[C@@H]2CCN(C(=O)c3nc[nH]n3)[C@@H]2C1,1,1,True
CC(C)(C)O[C@@H]1C[C@@H](N[C@H]2CCC[C@H]3C[C@H]32)C1,1,1,True
Cn1nnc(CNC[C@@H]2CC[C@H](NC(=O)[C@H]3[C@@H]4COC[C@@H]43)C2)n1,1,1,True
CCOc1cc(C(=O)N[C@H]2C[C@H](CNC[C@H](C)OC)C2)ccn1,1,1,True
CCc1nnc(CNC[C@H]2CCN(C(=O)[C@H](C)OC)C2)o1,1,1,True
Cn1cnc(C(=O)N[C@H]2CCN(C(=O)[C@]34C[C@H]3COC4)C2)c1,1,1,True
C=CCN1C[C@H]2[C@@H](C1)[C@H]1CC[C@@H]2N(C(=O)CC=CCC)C1,1,1,True
Cn1ncc(CN[C@H]2C[C@H](CNC(=O)Cn3ncn(C)c3=O)C2)n1,1,1,True
C[C@H](O)C[C@H](C)CNC(=O)C[C@@H]1CC[C@@H]2C[C@@H]21,1,1,True
CN(Cc1cn(C)nn1)C[C@H]1CCN[C@@H](c2ccccc2)C1,1,1,True
CC(C)CN1CC[C@](O)(CNC(=O)Cn2cnc(C(N)=O)n2)C1,1,1,True
CCC[C@H](C)CC(=O)N[C@H]1C[C@@H](Nc2nccn3nnnc23)C1,1,1,True
CC[C@]1(C(=O)N2C[C@H]3CN([C@H]4C[C@@H]4C)C[C@H]3C2)CCNC1=O,1,1,True
CCCC(=O)N1C[C@H]2CC[C@H]1[C@H]1CN(Cc3cnns3)C[C@@H]12,1,1,True
Cc1nc(CN2C[C@H]3CC[C@H]2[C@H]2CN(C(=O)c4cnco4)C[C@H]23)co1,1,1,True
CCn1nncc1C(=O)N1CCC[C@H]2[C@@H]1CCN2Cc1cncn1C,1,1,True
Cc1ncsc1CN[C@H]1C[C@@H](CNC(=O)[C@]23C[C@H]2CCC3)C1,1,1,True
C#CCCCC(=O)N1C[C@@H]2C[C@@H]1C[C@H](NCC#CCOC)C2,1,1,True
CCCNC[C@@H]1CN(C(=O)[C@H]2C[C@H]3C[C@H]3C2)CCO1,1,1,True
CC(C)OCCN1CCC[C@H]1CNC(=O)[C@@H]1CCCc2nn[nH]c21,1,1,True
C=C/C(C)=C\CC(=O)N[C@@H]1C[C@H](C)N(C(=O)c2ncnn2C)C1,1,1,True
C=CCCCCCN1C[C@@H]2CCCN(C(=O)[C@@H]3CNC(=O)N3)[C@@H]2C1,1,1,True
CCC[C@]1(CO)CCCN1C(=O)NC[C@@H]1CC[C@H]2C[C@H]21,1,1,True
CN1CCN(c2ncnc3nccn32)[C@@H](CN)C1,1,1,True
C#CCNC[C@H]1CC[C@@H](NC(=O)COCc2nncn2C)C1,1,1,True
CCC(=O)N[C@H]1CC[C@H](CNC(=O)c2[nH]c3ccccc3c2F)C1,1,1,True
CC[C@@H](NCC[C@@H]1CN(C(=O)Cn2cnnn2)C[C@H]1C)C(N)=O,1,1,True
CCc1noc(CN[C@H]2C[C@H](NC(=O)[C@]34C[C@@H]3CCCC4)C2)n1,1,1,True
CN(C)C(=O)CN1C[C@@H]2CC[C@H](NC(=O)C(C)(C)F)C[C@@H]2C1,1,1,True
CCCNC(=O)CN1C[C@@H](NC(=O)CCn2cncn2)[C@H](OC)C1,1,1,True
Cc1nccc(c2noc(-c3cccc(NC[C@H]4CCCO4)c3)n2)n1,1,1,True
CCO[C@@H]1C[C@H](NC(=O)[C@@H](C)n2ccc(C(F)(F)F)n2)[C@]12CCCO2,1,1,True
CO[C@@H]1COCC[C@@H]1CC(=O)NC/C=C/CNCc1ccnn1C,1,1,True
CC(C)NS(=O)(=O)CCN1CC[C@H]2NC(=O)OC[C@H]2C1,1,1,True
C[C@@H](CCCCNc1ccc(-c2nn[nH]n2)nn1)NC(=O)[C@H]1C[C@@H]1C,1,1,True
C[C@@H]1CN(C(=O)[C@H]2[C@@H]3CCCC[C@@H]32)CC[C@H]1CNCc1ccon1,1,1,True
C=CCN1CC(n2cc(CNC(=O)[C@H](F)C3CCCC3)nn2)C1,1,1,True
C=C(C)CCC(=O)N1C[C@@H]2CCN(C(=O)Cc3[nH]cnc3C)[C@@H]2C1,1,1,True
CC(C)(C)OC(=O)CN(C)[C@H]1COC2(C1)OCCO2,1,1,True
CC(=O)CCCC(=O)N[C@@H]1CN(CCc2ncn(C)n2)C[C@H]1O,1,1,True
CC#CCN[C@H]1C[C@H]2CC[C@H]1N(C(=O)Cn1cncn1)C2,1,1,True
C[C@@H](C(=O)N1C[C@H]2CN(C)C[C@@H]2C1)c1cccc(Cl)c1,1,1,True
CCn1nncc1CN1[C@H]2CC[C@H]1CC(NC(=O)c1cnn(C)c1)C2,1,1,True
CCc1nc(C)c(CN[C@@H]2C[C@H](C)N(C(=O)CCCOC)C2)o1,1,1,True
CCCC[C@](C)(F)c1nc(CCNS(=O)(=O)c2cccnc2)no1,1,1,True
CC[C@H](C)CN1C[C@@H]2CCC[C@]2(NC(=O)c2ccccn2)C1,1,1,True
C[C@@H]1CN(C(=O)CNC(N)=O)C[C@H]1Nc1ncnc2c1nnn2C,1,1,True
C[C@@H]1[C@H]2CC[C@H](C[C@@H]1NC(=O)[C@H]1[C@@H]3CNC[C@@H]31)N2C(=O)c1cncnc1,1,1,True
COc1ccc(C(=O)N[C@@H]2CCN(Cc3ncnn3C)C[C@@H]2C)o1,1,1,True
Cc1nnc(CN2CC[C@@H]2CN(C)C(=O)[C@@H]2CCC(=O)N2)o1,1,1,True
CC[C@@H](F)CN1C[C@@H]2CN(C(=O)c3ccc(=O)n(C)n3)C[C@@H]2C1,1,1,True
C[C@H]1C[C@@H](Nc2cncc(C(=O)N(C)C)n2)c2nccn21,1,1,True
COc1cc(C(=O)NC[C@H]2CCCN(c3cnc(F)cn3)C2)on1,1,1,True
C[C@@H]1C[C@H]1C(=O)N1CC[C@@H](n2cc(CNCCO)nn2)C1,1,1,True
Cn1nccc1C(=O)N[C@@H]1CN(C(=O)[C@H]2C[C@H]3C[C@H]3C2)CC[C@@H]1Cl,1,1,True
CCCCC(=O)NC[C@@H]1CN(c2ncnc3c2nnn3C)CCO1,1,1,True
CCCC[C@H](C)C(=O)N1[C@@H]2CC[C@H]1CN(C(=O)c1occc1C)C2,1,1,True
CN(C[C@H]1CCN1C(=O)c1cn[nH]c1)C(=O)[C@]12C[C@H]1CCC2,1,1,True
Cc1nnc(CC(=O)NC[C@H](N[C@H]2CCN(C)C2=O)C2CC2)o1,1,1,True
Cc1nc(CN2C[C@@H]3C(NC(=O)CC(N)=O)[C@H]3C2)n[nH]1,1,1,True
C[C@@H](C(N)=O)N1CC(CNC(=O)[C@H]2CC[C@@H]3C[C@@H]3CC2)C1,1,1,True
Cc1noc(CCC(=O)N2CC[C@]3(CCC[C@@H]3C(=O)NCC3CC3)C2)n1,1,1,True
CCC[C@@H](C)CC(=O)N1C[C@H]2CN(Cc3ncccn3)C[C@@]2(C)C1,1,1,True
CCO[C@@H]1COC[C@H]1NC(=O)NCCc1cnc(-c2ccccc2)o1,1,1,True
C[C@@H]1C[C@H]1C(=O)N[C@@H]1C[C@H]2CC[C@@H]1N2C(=O)CCCN(C)C,1,1,True
C#CCCCCCC(=O)NCCCCCCNC[C@@H]1CC[C@@H]2C[C@H]2C1,1,1,True
Cn1cnc2ncnc(NC[C@H](O)CNC(=O)[C@]3(C)CCOC3)c21,1,1,True
C[C@@H]1CCC[C@@H](OCc2nc(-c3cccc4c[nH]nc43)no2)C1,1,1,True
CC(C)N1CC[C@](C)(NC(=O)c2ccc3ncncc3c2)C1,1,1,True
C#CCCN1C[C@@H](c2cnn(C)c2)[C@H](NC(=O)C(N)=O)C1,1,1,True
CN1CCC[C@H](C(=O)NC2[C@H]3CN(c4cc(F)ncn4)C[C@H]23)C1=O,1,1,True
CC(C)[C@H]1CCN(c2cc(N(C)C(=O)CCC(F)(F)F)ncn2)C1,1,1,True
C[C@@H](C(=O)NC(N)=O)N1CC(CNC(=O)[C@@H]2CCc3nncn3C2)C1,1,1,True
CC(=O)N[C@H](C)C(=O)NCCCNC[C@@H]1COc2ccccc2O1,1,1,True
CC(C)(C)n1ncc(CN2C[C@@H]3C[C@@H]2[C@@H]3NC(=O)CC2CC2)n1,1,1,True
Cc1ncc(C(=O)N[C@H]2C[C@H](CNCc3cn(C)nn3)C2)[nH]1,1,1,True
C=CCOCC(=O)N1CCC[C@H](N(C)Cc2noc(CC)n2)C1,1,1,True
CCO[C@H](C)c1noc(CNCCOc2ccc(F)cc2)n1,1,1,True
CCn1cc(CC(=O)N2C[C@@H](C)[C@H](N[C@H]3CCN(C)C3=O)C2)nn1,1,1,True
C[C@H](NCCO)[C@@H]1CCN(C(=O)Cn2ncn3nccc3c2=O)C1,1,1,True
C[C@H]1CN(C(=O)[C@H]2C[C@H]3C[C@H]3C2)C[C@H]1NCc1nnn(C)n1,1,1,True
C[C@@H]1CN(C(=O)[C@]2(F)CCOC2)C[C@H]1NCC(N)=O,1,1,True
CC(C)S(=O)(=O)CC(=O)N[C@H]1CN(C[C@@H](C)O)CCO1,1,1,True
COc1cc(F)ccc1C(=O)N1C[C@H]2CN(CC(C)C)C[C@H]2C1,1,1,True
C[C@@H]1C[C@H]1CC(=O)NC[C@H]1COCCN1C(=O)c1cn(C)nn1,1,1,True
CC(C)N(CCN1C[C@@H]2CCNC[C@@H]2C1)C[C@@H](O)C(F)(F)F,1,1,True
Cn1cnnc1CNC[C@H]1CCCN1C(=O)c1cn(C)c(=O)nn1,1,1,True
C[C@H](C(=O)NCCNCc1noc(C2CC2)n1)c1cccnc1,1,1,True
Cn1cc(N2C[C@@H](O)[C@H](NC(=O)CC[C@@H](C)c3ccccc3)C2)cn1,1,1,True
CNCc1cnn(CCC(=O)N2C[C@@H]3CC[C@@H](O)[C@H]3C2)c1,1,1,True
CC(C)c1n[nH]c(CN[C@H]2CCN(C(=O)Cn3ncnn3)C[C@H]2C)n1,1,1,True
C=CCC1(C(=O)N2CC[C@](C)(CNc3ncc(F)cn3)C2)CCC1,1,1,True
Cn1ncc2c1ncnc2NC[C@H]1CCC[C@@H](N)C1,1,1,True
C[C@@H]1C[C@H]1CNc1ccc(N2CCC[C@@H]2C(N)=O)nc1,1,1,True
CCCn1nnnc1CN[C@@H]1CN(C(=O)Cn2cnnn2)C[C@@H]1C,1,1,True
CC(C)Cc1noc(CN2CCC[C@@]23CCOC3)n1,1,1,True
C[C@@H](CO)CN(C)S(=O)(=O)NC[C@@H]1Cc2ccccc2O1,1,1,True
CC(C)(F)C(=O)N[C@H]1C[C@H]2CC[C@@H](C1)N2C(=O)CCc1cn[nH]c1,1,1,True
Cn1nnc(CN2CC[C@@H](NC(=O)C(C)(C)c3cnc[nH]3)C2)n1,1,1,True
COc1cc(CN2C[C@H](F)C[C@H]2CN(C)C)ccc1F,1,1,True
CC(C)(C)[C@H]1CCC[C@@H]1NC(=O)c1ccc(=O)n(-c2cccc(F)c2)n1,1,1,True
CC1(C)CO[C@@H](CN[C@H]2C[C@@H](NC(=O)[C@H]3C[C@H]3C(N)=O)C2)C1,1,1,True
Cn1[nH]c(CNCC2(NC(=O)[C@H]3C[C@H]4CCCCN4C3)CC2)nc1=O,1,1,True
Cc1c[nH]nc1C(=O)N[C@]12CCC[C@H]1CN(Cc1cnon1)C2,1,1,True
Cc1nc(C)c(CN2CC[C@H]2CNC(=O)c2ccc(F)nc2)o1,1,1,True
C#CCCN1C[C@H]2[C@@H](C1)[C@H]1CC[C@@H]2N(C(=O)c2ccoc2C)C1,1,1,True
CC1(C(=O)N[C@@H]2CCN(C(=O)c3n[nH]cc3F)C2)C[C@H]2C[C@@H]2C1,1,1,True
COc1cc(C(=O)N2CC[C@@H](NCc3cn(C)nn3)[C@H](C)C2)on1,1,1,True
C#CCN1CCN(CCN(C)C(=O)Cc2nnc(C)o2)CC1,1,1,True
Cn1ncn(CC(=O)N[C@@H]2CCN(C(=O)CC(C)(C)O)C2)c1=O,1,1,True
CCn1ccnc1C(=O)N1CC[C@H]2CN(C(=O)[C@]3(C)CCOC3)C[C@H]21,1,1,True
Cc1cnc(CN2CC[C@@H]3CN(C(=O)[C@H](F)C(C)C)C[C@@H]3C2)cn1,1,1,True
Cc1cnc(CN2CC[C@H]3CN(C(=O)CCCn4cccc4)CC[C@H]32)o1,1,1,True
Cn1cnc2ncnc(N[C@@H]3CC[C@H](S(C)(=O)=O)C3)c21,1,1,True
C=CCOCCN1CCN(C(=O)c2nnn(C)n2)CC1,1,1,True
CN1CCOC[C@@H]1C(=O)N1C[C@H]2CC[C@@H](C1)N2c1nc[nH]c2ncnc1-2,1,1,True
CC#CCN1C[C@@H]2C(CNC(=O)c3cnc(O)n3C)[C@H]2C1,1,1,True
C[C@H](NC(=O)[C@@H]1COC(=O)N1)C1CN(CCCCCOC(C)C)C1,1,1,True
C#CCCNC[C@@H]1CN(C(=O)c2cn(C)nc2CC)C[C@H]1C,1,1,True
C[C@@H](NC(=O)c1ccc(-n2cccn2)nc1)[C@]12C[C@H]1CCC=C2,1,1,True
CCCCOCC(=O)N[C@H]1[C@H]2C[C@H]1CN2c1cccc(F)c1C#N,1,1,True
C[C@@H](O)CN1C[C@H]2[C@H](C1)[C@@H]1CC[C@H]2CN1C(=O)c1ncccn1,1,1,True
CCCNC(=O)CN1C[C@H]2[C@@H](C1)[C@@H]2NC(=O)[C@H]1COCCN1CC,1,1,True
CN(CCNC(=O)[C@H]1Cc2cccn2C\C(=O)N1)Cc1nnc(C2CC2)o1,1,1,True
C[C@@H]1C[C@H](C)N(c2nnc(-c3ncccn3)n2C)C[C@H]1CN,1,1,True
C[C@@H]1CN(Cc2cn(C)nn2)C[C@H]1CCNC(=O)CC(N)=O,1,1,True
CC(C)C(=O)N1C[C@@H]2C(NC(=O)c3ccc(-c4ncon4)nn3)[C@H]2C1,1,1,True
CC(=O)[C@@H]1CN(C)C[C@H]1c1nc(Cc2cccc(Cl)n2)no1,1,1,True
CCC[C@@H]1C[C@H]1C(=O)N[C@]12CCC[C@H]1CN(Cc1nnc(CCC)o1)C2,1,1,True
CNC(=O)CCCC(=O)N[C@@H]1[C@H]2CN(Cc3nc(=O)n(C)[nH]3)C[C@H]21,1,1,True
CCc1cc(C(=O)N2C[C@@H]3C[C@H]2CN3Cc2cc(C)n(C)n2)no1,1,1,True
CC[C@H]1C[C@@H]1CN/C(N)=N/Cc1cnc(-c2ccccc2)[nH]1,1,1,True
CC(=O)N(C)CC(=O)N1C[C@@H](NCC(N)=O)[C@@H](n2ccnn2)C1,1,1,True
CCn1ccc(CN2CC[C@@H]3O[C@H](C(=O)N(C)C)C[C@@H]32)n1,1,1,True
CC[C@@H](OC)C(=O)N[C@H]1CCN(Cc2cn(C(C)(C)C)nn2)C[C@@H]1O,1,1,True
CN(CCNC(=O)Cc1nc2ncccn2n1)C(=O)[C@H]1CCCN1C,1,1,True
C#C[C@H](CC(C)C)OCc1ccc(F)cc1O[C@H](C)c1ncnn1C,1,1,True
CC[C@H](F)C(=O)N1CC[C@@H](NC[C@@H]2CCc3ncnn32)C1,1,1,True
CC(C)c1noc(CN2CC([C@@H](C)NC(=O)c3ccncn3)C2)n1,1,1,True
CN(C(=O)Cn1cncn1)[C@@H]1CCN(CCn2cncn2)C1,1,1,True
Cc1ccc(CNC(=O)N2C[C@H]3C[C@H]2C[C@@H]3F)[nH]c1=O,1,1,True
CNS(=O)(=O)CC(=O)N1C[C@H](CNCCO)C[C@H]1C,1,1,True
CCC(=O)NCC(=O)N1C[C@H](C)[C@H](NCc2nonc2C)C1,1,1,True
C#CCNC(=O)[C@@H](C)N[C@H]1CCN(C(=O)[C@H]2C[C@H]3C[C@H]3C2)C1,1,1,True
CCCC(=O)N1CC[C@H](N(C)c2cc(Cl)cn3ncnc23)C1,1,1,True
Cc1nc([C@H](C)NCCOCCNC(=O)[C@@H]2C[C@H]2C2CC2)no1,1,1,True
CCCC(=O)N1[C@@H]2CC[C@H]1C[C@@H](CNC(=O)CC(N)=O)C2,1,1,True
CC(C)CC(CC(C)C)N1CCN2CCOC[C@]1(CO)C2,1,1,True
C[C@H]1[C@H]2CCN1C[C@H](NC(=O)c1c[nH]c3cc(F)c(F)cc13)C2,1,1,True
C[C@H]1C[C@@H]1C(=O)N1CCO[C@@H](CNC(=O)c2ncn(C)n2)C1,1,1,True
CC[C@H](F)CN1C[C@H]2C[C@@H]3CN(C(=O)c4ccncc4)C[C@]2(C1)O3,1,1,True
CCc1cc(N2CC[C@@](C)(NC(=O)[C@]3(C)CCOC3)C2)ncn1,1,1,True
CCn1ncnc1CN[C@H]1CCN(C(=O)CCCn2ccnc2)[C@@H]1C,1,1,True
Cc1cnn(CC(=O)N[C@H]2C[C@H]3C[C@@H](C2)N(C(=O)CC(N)=O)C3)c1,1,1,True
CN(C)C(=O)CN1CC[C@H]2[C@@H]1CCCN2C(=O)Cn1cncn1,1,1,True
Cn1nncc1C(=O)N[C@@H]1CCN(CCS(C)(=O)=O)C1,1,1,True
COc1ccnc(N2CC[C@@H](NC(=O)CCCN(C)C)C[C@@H]2C)n1,1,1,True
C[C@H](CCN[C@H](C)c1ncccn1)NC(=O)C(C)(C)S(C)(=O)=O,1,1,True
Cc1ncncc1C(=O)NCCNCC(=O)N1CCO[C@H]2CCC[C@@H]21,1,1,True
C[C@@H]1C[C@H](C)CN(C(=O)N[C@H]2C[C@@H]3CCCCN3C2F)C1,1,1,True
Cn1ccn2c(CN[C@H](CC(N)=O)C3CCOCC3)nnc2c1=O,1,1,True
C[C@@H]1C[C@H](O)CN(Cc2ccc(Oc3cccc(F)c3)nc2)C1,1,1,True
C/C=C(\C)C(=O)N[C@]1(CO)CCCN(c2nc(C)nc(N(C)C)n2)C1,1,1,True
Cc1ocnc1C(=O)N1C[C@@H](C)[C@@H](NCc2ccc(F)c(F)c2)C1,1,1,True
C=CCO[C@H](CN1CCC[C@@H](NC(=O)Cn2ncnn2)C1)C1CC1,1,1,True
C#CCNC(=O)CC(=O)N[C@@H]1CN(CCCOCC)C[C@@H]1O,1,1,True
CC(C)CCN[C@@H]1C[C@H]2C[C@@H](C1)N(C(=O)c1ccoc1C1CC1)C2,1,1,True
CN(C)C(=O)Cn1nc(C(F)F)nc1N1CC2c3ccccc3C[C@@H]2C1,1,1,True
CC(C)n1nnnc1CN(C)[C@@H]1CCN(C(=O)[C@@H]2C[C@H]2C)C1,1,1,True
C[C@H](C(=O)N(C)CC(=O)NC[C@H]1C[C@@H](O)C1)c1ccc(F)c(F)c1,1,1,True
CN(Cc1coc(-c2ccccc2)n1)C1CNC1,1,1,True
Cn1cnnc1CNC1[C@@H]2CN(C(=O)CC3(O)CCC3)C[C@@H]12,1,1,True
CC[C@@H]1CCO[C@@H]1c1nc(-c2cccc(OC3CC3)c2F)no1,1,1,True
CC(C)=CCN(CCCNC(=O)[C@H]1C[C@@H](C)CO1)Cc1cccnc1,1,1,True
CN(C)c1cnc(C(=O)NCC[C@@H]2CCN(CC(N)=O)C2)cn1,1,1,True
CCCc1cc(C(=O)N[C@H]2C[C@@H](NC(=O)[C@H]3C[C@H]4CCCCN4C3)C2)no1,1,1,True
C[C@H](NC(=O)N1CC(C)(CO)[C@@H](C)[C@@H]1C)[C@@H]1C[C@H]2CC[C@H]1C2,1,1,True
C=C(Cl)CN1CC[C@H]2[C@H](CNC(=O)c3cn(C)cn3)CC[C@@H]21,1,1,True
CNS(=O)(=O)CC(=O)N1CCC[C@@H](NC(=O)Cn2cnnn2)C1,1,1,True
Cn1ncc2c1ncnc2N1CC[C@@H]2[C@@H](CCC(=O)N2CC2CC2)C1,1,1,True
CCCN(CCNC(=O)Cc1nc[nH]n1)C(=O)C1C=CC=CC=C1,1,1,True
COc1cc(CN[C@H](C)[C@@H]2CCn3ccnc3C2)nc(OC)n1,1,1,True
CC(C)[C@H](F)C(=O)NC[C@H]1CCCN1c1cnc(F)cn1,1,1,True
COc1ccc2cc(C(=O)N3C[C@@H](C)O[C@@]4(CCCOC4)C3)sc2n1,1,1,True
C[C@H]1C[C@@H]1C(=O)N1CC[C@@H](N(C)Cc2nc(C(C)(C)C)no2)C1,1,1,True
CCS(=O)(=O)N(C)CCCN(C)C(=O)c1nc2ncccn2n1,1,1,True
C=C(C)CCN1[C@H]2CC[C@H]1[C@H](NC(=O)C(C)(F)F)C2,1,1,True
CN1C[C@@H](C(=O)NC[C@H](O)CNc2nccnc2F)c2ccccc2C1,1,1,True
C[C@H]1CN(C[C@H]2CCOC[C@@H]2C)C[C@H]1c1ccc(C(F)(F)F)cc1,1,1,True
CCn1ncnc1CNC[C@@H]1CN(C(=O)[C@@H]2C[C@H]2C)C[C@H]1C,1,1,True
Cc1ccc(C(=O)N[C@@H](C)CCNC(=O)[C@@H]2C[C@H]3CC[C@@H]2O3)nn1,1,1,True
C[C@@H]1C[C@H]1C(=O)NC[C@@H]1[C@H]2CN(C(=O)c3cn(C)cn3)C[C@H]21,1,1,True
Cn1nnc(C(=O)NCC2(O)CN(C(=O)[C@H]3C[C@H]4CC[C@H]3C4)C2)n1,1,1,True
CCCCN1C[C@@H]2C(CNC(=O)C[C@@H]3CCOC3)[C@H]2C1,1,1,True
Cc1oc(C2CC2)cc1C(=O)NC1[C@H]2CN(Cc3ncccn3)C[C@H]12,1,1,True
CC(C)n1cc(COC(=O)C[C@H]2CNc3ccccc32)nn1,1,1,True
C=CCCCC(=O)N1CCCO[C@@H](CNCc2cnnn2CC)C1,1,1,True
CC(=O)N[C@@H]1[C@H]2CN(C(=O)Cn3ncn(C)c3=O)C[C@H]21,1,1,True
CCc1noc(CN2CCO[C@H]3CCN(C(=O)CC(C)C)C[C@@H]32)n1,1,1,True
Cc1cc(CN2[C@@H]3CC[C@H]2[C@H](NC(=O)c2ccncc2)C3)on1,1,1,True
CCCCN[C@H]1C[C@@H](NC(=O)c2cc3ncccc3s2)C1,1,1,True
C[C@@H]1C[C@H](C)[C@H](C(=O)NC[C@@H]2C[C@H]2C2CC2)O1,1,1,True
COc1cc(C(=O)N2[C@H]3CC[C@H]2CN(Cc2cnon2)C3)on1,1,1,True
CC(=O)NCC(=O)NCC(=O)NC1CN(Cc2nnn(C)n2)C1,1,1,True
Cc1nnc(CNC(=O)NCC[C@@H]2C[C@H]3CC[C@H]2C3)o1,1,1,True
CCS(=O)(=O)NC[C@H](C)N1CCO[C@H](CNC(=O)C(N)=O)C1,1,1,True
CC#CCCCC(=O)NC[C@@H]1CCOC[C@@H]1COC,1,1,True
CN(CCNC(=O)c1cncc(F)c1)[C@@H]1CCc2c1cccc2F,1,1,True
CC(=O)N(CCO)CCNC(=O)[C@@H]1C[C@H]2CC[C@@H]1O2,1,1,True
Cn1cncc1CN[C@@H]1C[C@H](NC(=O)Cn2ncnn2)C12CCC2,1,1,True
CC[C@@H](C(N)=O)N1[C@@H]2CC[C@H]1[C@H](NC(=O)CCn1cncn1)C2,1,1,True
Cc1ccc(C(=O)NC[C@H]2C[C@@H](NC(=O)[C@@H]3C[C@]34CCOC4)C2)nn1,1,1,True
Cn1ncc(C(=O)NCCN(CN2CC[C@@H](CC#N)C2)C2CC2)n1,1,1,True
CO[C@@H]1CN(CCC2OCCCO2)C[C@H]1OC(=O)C1(CO)COC1,1,1,True
C[C@@H](CNc1ccnc(C(C)(C)C)n1)NC(=O)[C@H]1C[C@H]2CC[C@H]1O2,1,1,True
Cc1ccc(-c2nc(-NC(=O)[C@@]34CCC[C@H]3NCC4)n[nH]2)o1,1,1,True
CCS(=O)(=O)CC(=O)N[C@H]1[C@H]2C[C@H]1CN2Cc1ocnc1C,1,1,True
CC[C@@](C)(Cn1nnnc1N(C)C[C@@H](O)C(F)(F)F)OC,1,1,True
Cn1nncc1C(=O)N1[C@H]2CC[C@H]1CN(C(=O)c1ccnnc1)C2,1,1,True
C[C@@H](CCNC(=O)Cn1ncnn1)NC(=O)[C@H]1CN2CCC2CO1,1,1,True
CCCc1noc(CN(C)[C@@H]2CCN(C(=O)[C@H]3[C@@H]4CCCC[C@@H]43)C2)n1,1,1,True
CC(=O)N1[C@H]2CC[C@H]1CN(Cc1ccn(CC(F)F)n1)CC2,1,1,True
C[C@@H]1C[C@H](NCc2cncn2C)CN1C(=O)CC(C)(C)O,1,1,True
CCOc1ncc(C(=O)N2C[C@@H](NC(=O)C(C)(F)F)C[C@@H]2C)cn1,1,1,True
Cc1cccn2cc(CC(=O)N[C@@H]3CN(C/C=C\Cl)C[C@H]3C)nc12,1,1,True
C[C@H](CC(C)(C)C)C(=O)N(C)[C@@H]1CCN(c2ccc(C#N)nn2)C1,1,1,True
CCc1nocc1CN(C)[C@@H]1CCN(C(=O)CCCF)C1,1,1,True
C[C@H]1CN(c2cccc(F)c2)CC[C@@H]1NCCN/C=C\C(N)=O,1,1,True
CC(C)=CC(=O)NC1(CO)CCN(c2cnc(F)cn2)CC1,1,1,True
C[C@H](CC(=O)NCCCNCCOCCn1cncn1)c1cnn(C)c1,1,1,True
COc1cc(C#N)nc(N[C@@H]2[C@@H](O)[C@H](O)[C@@H](CO)O[C@@H]2O)n1,1,1,True
C=C(C)CCC(=O)N1CC[C@@H](C)[C@@H](CNCc2ncoc2C)C1,1,1,True
CCc1nnc(CN2CCO[C@H]3CCN(C(=O)COC)C[C@@H]32)o1,1,1,True
CNC(=O)N[C@]12CCC[C@@H]1N(CC(F)(F)C(F)F)CC2,1,1,True
Cc1oncc1CNC[C@H]1CC[C@H](NC(=O)CCC(C)(F)F)C1,1,1,True
CC(C)C[C@@H](C#N)NC(=O)CN[C@@H](C)[C@@H]1C[C@H]2CC[C@H]1O2,1,1,True
C=C(Cl)CN[C@@H]1CC[C@@H]2CN(C(=O)Cn3ccnn3)C[C@@H]12,1,1,True
CCS(=O)(=O)CC(=O)NC1CN(Cc2nc(=O)n(C)[nH]2)C1,1,1,True
Cn1ncnc1CNC1CC(CNC(=O)[C@@H]2CC[C@H]3C[C@@H]3C2)C1,1,1,True
COc1cnc(C(=O)N[C@H](CNCc2cc(F)ccc2F)C2CC2)nc1,1,1,True
Cn1nncc1C(=O)NC[C@H]1CCN(C(=O)[C@@H]2C[C@@H]3CCCC[C@H]23)C1,1,1,True
C[C@@H]1CN(C(=O)C(=O)NCCN2C[C@@H]3CCO[C@H]3C2)C[C@@]1(C)CO,1,1,True
Cn1nnnc1CN1CC[C@@H]2CN(C(=O)Cc3nc[nH]n3)[C@@H]2C1,1,1,True
CC(C)NC(=O)CN(C)CC(=O)N[C@@H]1[C@H]2CC[C@@H](C2)[C@@H]1C,1,1,True
Cn1ncc([C@H]2CCCN(Cc3cc(C#N)ccn3)C2)n1,1,1,True
CCCN(C(=O)[C@@H]1CC1(F)F)[C@H]1CCN(Cc2cc(C)on2)C1,1,1,True
Cn1nnnc1CN1CC(NC(=O)c2c[nH]nc2[C@H]2CCCO2)C1,1,1,True
CC(=O)NC[C@H]1CCCN1Cc1nc(-c2cnn(C)c2)no1,1,1,True
Cn1nnc(C(=O)NC[C@@H]2CN(Cc3nc(=O)n(C)[nH]3)C[C@@H]2O)n1,1,1,True
C[C@@H]1C[C@H]1C(=O)N1CC[C@@H](N2O[C@H](C)C[C@H]2C)C1,1,1,True
CO[C@H](CNC(=O)[C@H]1[C@@H]2CCCC[C@@H]21)c1ccc(F)cc1F,1,1,True
CN(C(=O)c1ccc(=O)n(C)n1)[C@H]1CCN(C[C@H]2CCOC2)C1,1,1,True
C=CCCN1CC[C@H]2O[C@H](C(=O)N3CC=CC3)C[C@H]21,1,1,True
CCCCn1nnnc1CN1CC[C@H](NC(=O)C(N)=O)C[C@@H]1C,1,1,True
CN1CCC[C@H](C(=O)NC[C@H]2CCN(C(=O)Cn3cnnn3)C2)C1,1,1,True
C[C@@H]1C[C@H]1C(=O)NCC1(O)CN(Cc2nncn2C)C1,1,1,True
CC(C)OCC(=O)N[C@@H](CNc1nc2ccccc2o1)C1CC1,1,1,True
C[C@@H]1CN(c2nnc(CCc3ccc(F)cc3)n2C)[C@H](C)CN1,1,1,True
Cn1nnc(CN2CC[C@H]3[C@@H](CCCN3C(=O)Cn3cccn3)C2)n1,1,1,True
C[C@@H]1CC[C@H](NC2(C(=O)O)CCCCC2)[C@H](n2cncn2)C1,1,1,True
C=CCOC(=O)N1C[C@@H]2CC[C@@]2(C(=O)NCCOC)C1,1,1,True
CC(C)CN[C@@H]1CCN(C(=O)Cc2cnoc2)C[C@@H]1C,1,1,True
C=CCn1cc(CN2C[C@H](C)NC[C@@H](C(=O)OC)C2)cn1,1,1,True
Cc1noc(C)c1CNC(=O)CN1C[C@@H]2C(NC(=O)C(N)=O)[C@H]2C1,1,1,True
CC[C@@H](C)NC(=O)CN1CC[C@H](NC(=O)CCn2cnnn2)C1,1,1,True
CC[C@H](N[C@@H]1CN(C(=O)CCNS(C)(=O)=O)C[C@H]1C)C(N)=O,1,1,True
C[C@H]1CN(C(=O)CCCF)CC[C@H]1NC(=O)[C@H]1[C@@H]2COC[C@@H]21,1,1,True
Cn1nnc(C(=O)N[C@H]2CCN(C(=O)[C@@H]3CCC4(CCO4)C3)C2)n1,1,1,True
C#CCNC(=O)CN1[C@H]2CCC[C@H]1CN(C(=O)c1cnon1)C2,1,1,True
C[C@@H]1C[C@H](C)[C@@H](C(=O)N(C)CCc2cc3ccccc3o2)O1,1,1,True
CC[C@@H]1C[C@H](CC(=O)NCC2CC(Nc3cnc(F)cn3)C2)CCO1,1,1,True
Cn1ccnc1[C@H](NCCc1cn(Cc2ccccc2)nn1)C1CC1,1,1,True
CC(C)Cc1nc(CNC[C@@H]2CCCN2C(=O)c2cccnc2)no1,1,1,True
C[C@]1(CO)CCC[C@@H]1NC(=O)Cn1ccc(=O)n(C)c1=O,1,1,True
Cn1cc(C(=O)N2[C@@H]3CC[C@H]2[C@@H](NC(=O)[C@@H]2CC(=O)N(C)C2)C3)nn1,1,1,True
C[C@@H](O)[C@H]1CCN(C(=O)NCc2nc3ncccn3n2)C1,1,1,True
COc1cc(C(=O)N[C@@H]2[C@H]3C[C@H]2CN3Cc2nncn2C)on1,1,1,True
CC[C@H](C)CN1C[C@@H]2[C@@H](CNC(=O)[C@@H]3CCCCn3)[C@@H]2C1,1,1,True
CC(C)OCCN1CCC[C@@H]1[C@@H]1CCCN(C(=O)c2cnco2)C1,1,1,True
Cc1nc(N2CC(N(C)C(=O)[C@H]3[C@@H]4CN(C)C[C@@H]43)C2)ccc1F,1,1,True
CC[C@@H](NC[C@H](C1CC1)N(C)C(=O)c1cnn[nH]1)c1ccc(F)cc1,1,1,True
Cc1cnc([C@H](C)N2[C@H]3CC[C@H]2CN(C(=O)[C@H](C)C2CC2)C3)o1,1,1,True
CN1CC[C@](O)(CNS(=O)(=O)N2CC[C@@H](C(C)(C)C)C2)C1,1,1,True
Cn1nnnc1NC(=O)CN[C@H]1CCC2(C1)OCCO2,1,1,True
Cn1nncc1CN[C@@H]1CC[C@@H]2CN(C(=O)C3CCC3)C[C@@H]12,1,1,True
Cc1n[nH]c(C)c1C(=O)NC[C@H]1C[C@H](NC(=O)C[C@@H]2CC[C@H]3C[C@@H]32)C1,1,1,True
